"타임스탬프","1. 회원가입 및 로그인이 원활하게 이루어졌나요?","1-1 이유를 적어주세요 (1에서 '아니오'를 골랐을 경우)","2. NFT를 통한 가구 구매에 성공하셨나요?","2-1 이유를 적어주세요 (2에서 '아니오'를 골랐을 경우)","3. 친구방 방문을 사용하셨나요?","3-2 이유를 적어주세요 (3에서 '아니오'를 골랐을 경우)","4. 방 꾸미기 기능의 편의성 점수를 메겨주세요","4. 웹 UI 및 디자인의 점수를 메겨주세요","5. 전체적인 평가에 대해 적어주세요","6. 업그레이드 방안에 대해 적어주세요(테스트 해주셔서 감사합니다)"
"2023/09/18 1:50:26 오후 GMT+9","아니오","회원가입과 로그인에 문제는 없으나 응답 시간이 상당히 깁니다","네","애니메이션 응답이 너무 길어서 상당히 오래 기다려야 합니다...
구매는 했으나 해결방안이 필요해 보입니다","네","","3","1","전체적인 아이디어는 나쁘지 않지만 조금 더 보완해야할 것들이 많이 보입니다
특히 가독성과 관련된 UIUX디자인 부분에서 상당히 불편합니다
돌아가는 보석과 움직이는 이미지등 GIF이미지들이 상당히 많이 포함되어있어
로딩 지연을 야기할 뿐 아니라 가독성도 상당히 떨어집니다!
컬러도 분홍색 한 톤으로만 통일되어있어 다소 밋밋해보여 포인트컬러 한 두 가지가 필요할 듯합니다",""
"2023/09/18 1:56:27 오후 GMT+9","네","","네","","네","","3","3","하트 배경으로 인해 눈이 아픕니다.",""
"2023/09/18 2:13:19 오후 GMT+9","아니오"," 회원가입은 됐으나 다음 페이지로 안넘어감 새로고침 후 처음 페이지에서 로그인했더니 성공","구매하고싶어서 개발자님한테 30DHT만 충전해달라했더니 대차게 까였습니다","","네","","3","3","아직 베타지만 미니 싸이월드같아서 좋았어요","치킨 추가해줘"
"2023/09/18 3:56:39 오후 GMT+9","가입하기 누른 뒤 무한 로딩 -> 몇 번의 새로고침 시도 후 로그인 성공","","아니오","구매 후 방꾸미기에 적용했는데 이미지 로딩 전에 꾸미기를 눌러서 그런 건지 하얀 화면으로 넘어갔습니다. 새로고침 하니 구매했던 아이템이 사라졌고, 다시 구매하려고 하니까 잔액이 부족해서 구매하지 못했습니다.","네","","2","3","소재가 좋고 방 꾸미기라는 것이 흥미롭다. 3D 아이템이 흥미를 더해 준다. 이미지 로딩 시간이 꽤나 걸린다.","아이템 구매 후 바로 방 꾸미러 갈 수 있는 버튼, 계속 쇼핑할 수 있는 버튼이 있으면 더욱 편리하게 이용할 것 같습니다."
"2023/09/18 4:24:02 오후 GMT+9","아니오","개발자 도구에서 회원가입후 에러가 떨어짐","네","","네","","3","3","",""
"2023/09/18 4:40:06 오후 GMT+9","네","","아니오","가구를 구매해도 인벤토리에 저장되지 않았다.","네","","1","1","",""
"2023/09/18 4:43:57 오후 GMT+9","아니오","데이터를 입력 안 하고 회원가입을 클릭하면 요청이 보내집니다. 해당 부분에 대한 처리가 필요할 것 같습니다.","아니오","이미지가 깨집니다.","네","","3","3","아이디어는 좋다고 생각합니다.
1. 블록체인으로 인해 어쩔 수 없지만 기능 및 페이지 이동 시 지연시간이 너무 길어서 UX가 많이 떨어지는 것 같습니다.
2. 폰트로 인해 텍스트 확인이 어려운 것 같습니다.
3. 컨텐츠가 부족한 것 같습니다.","친구의 방에 게시글이나 이모지를 남길 수 있으면 좋을 것 같습니다."
"2023/09/18 4:45:10 오후 GMT+9","네","","아니오","가구 이미지 자체가 안 나왔다.","네","","2","2","",""
"2023/09/18 6:33:50 오후 GMT+9","아니오","로딩이 계속되면서 가입승인 절차가 제대로 진행되지 않았습니다.","아니오","회원가입이 제대로 진행되지 않아 테스트를 못하였습니다.","아니오","회원가입이 제대로 진행되지 않아 테스트를 못하였습니다.","3","3","","전체적인 설명서를 볼 수있는 UI등을 만들어 초반에 확인할 수 있었음 좋을 것 같습니다."
"2023/09/18 8:12:06 오후 GMT+9","네","","아니오","자원 부족으로 인해 구매 불가","네","","2","1","너무 어지럽습니다 아이디를 적었는지잘 보이지 않고 화면 이동시에 나오는 파티클같은거도 눈이아플정도로 알록달록합니다","현재 친구방에서도 다른 사용자가 가구를 이동가능합니다"
"2023/09/18 8:14:35 오후 GMT+9","아니오","회원가입후 로딩이 무한적으로 걸립니다","아니오","로그인 성공을 실패 했습니다.","아니오","로그인 성공을 실패 했습니다.","3","2","웹사이트내에서 3D 구현이 정상적으로 이루어져 기능적인 부분에서 목표한 기능을 어느정도 구현 했다고 생각한다. UI적인 부분에서는 로그인 까지 기능을 테스트 했지만 버튼이 로딩 중에서 선입력 된다는 문제와 가시성에 대한 개선이 필요할것 같다.","UI가시성 개선"
"2023/09/18 8:36:42 오후 GMT+9","네","","네","","네","","4","5","필요성에 따라 유익한 서비스가 될 것 같습니다.",""
"2023/09/18 8:50:06 오후 GMT+9","네","","네","","네","","5","5","원하는 대로 방을 꾸밀 수 있으니 재밌습니다.","2개 이상 배치하고 싶은 가구도 있는데 구매하면 상점에서 사라져 버리는게 아쉽네요"
"2023/09/18 9:01:07 오후 GMT+9","네","","아니오","내 정보에서 구매 품목 확인 불가","아니오","친구 목록이 뜨지 않았습니다ㅠㅠ","2","3","오 완전 신기해요! 방 꾸미기 좋아하는 입장에서 재미있었습니다!",""
"2023/09/18 9:26:32 오후 GMT+9","아니오","회원가입 후 로그인이 안됨","아니오","shop 을 눌러도 창에 아무것도 안뜹니다...","아니오","제가 접속한 시간에 사람이 몰려서 그런지 아무 기능이 작동안했습니다 ..","3","3","다음에는 꼭 테스트 해보고 싶습니다 죄송해요 별 도움 못드려서",""
"2023/09/18 9:31:33 오후 GMT+9","네","","네","","첫 방문은 성공했으나 이후 알 수 없는 문제로 사이트가 작동하지 않아 추가적인 방문을 할 수 없었습니다.","","4","4","로그인이나 물품 검색 , 등록 등 핵심적인 기능은 잘 동작했다. 단 서버 문제인지는 모르겠지만 이미지들이 안보이고 좀 지나니 사이트 자체가 죽어버려 아쉬웠다. ","필기체에 대한 가독성이 떨어지므로 친구 목록같이 글자들이 붙어있는 페이지에선 다른 폰트를 사용했으면 한다."
"2023/09/18 9:40:22 오후 GMT+9","네","","네","","네","","4","2","회원가입 페이지 글자색 때문에 잘 안보입니다.","속도 개선이 필요해보입니다. 속도에 문제인지 모르겠지만, 처음 가구 구매시 가구 사진이 안보이는 문제가 있었습니다."
"2023/09/18 9:44:39 오후 GMT+9","아니오","회원가입이 시간이 오래걸리고, 로그인안돼요..ㅜㅜ /home으로 접속했습니다.","아니오","가구가 검색되지 않습니다.","아니오","test로 입력하니 방은 나오는데 아무것도 없습니다.","1","1","배경에 하트가 날아다니는 게 정신없어 보여요","서버만 잘 동작한다면 정말 좋을거같아요"
"2023/09/18 10:03:35 오후 GMT+9","네","","네","","네","","4","4","로딩 속도 개선만 하면 좋아보임",""
"2023/09/18 10:47:33 오후 GMT+9","네","","네","","아니오","그냥 사용안해봤다","3","2","컨셉에 맞는 폰트인건 잘 알겠다 하지만 알아보기가 쪼금 힘들었다","딱히없슴두"
"2023/09/18 11:01:38 오후 GMT+9","회원가입에서 영상 로딩이 긴 현상이 반복되기 때문에 데모 영상으로 참여하여 사용해보지 못했습니다.","","데모 영상으로 참여해서 사용해보지 못했습니다.","","데모 영상을 사용했습니다.","","5","5","UI가 깔끔하고 아이디어가 좋습니다. 고생하셨어요~!","로딩이 긴 서버 문제만 해결되면 좋을 것 같습니다~!"
"2023/09/18 11:19:52 오후 GMT+9","네","","네","","네","","5","5","전체적으로 재밌어보였고, 문제없이 모든 것이 가능해 좋았습니다.",""
"2023/09/18 11:35:52 오후 GMT+9","아니오","로그인이 안된다.","아니오","로그인 실패이후 넘어가지 않음","아니오","2-1과 동일","4","2","제가 기억하기로는 중세기준으로 가구배치 였던걸로 기억하는데 조금 다른것같아서 아쉬웠고 하트가 계속 움직이는게 너무 정신없는 느낌이라 개인적으로는 정신없는 느낌이에요..","배경설정이 있으면 더 다채로울 것 같습니다."
"2023/09/19 8:47:37 오전 GMT+9","네","","아니오","금액 부족으로 구매할수없습니다","아니오","방 선택 후 화면이 안나타납니다","3","3","","회원가입 할 때 글씨가 더 잘보였으면 좋겠습니다.
잔액도 확인할 수 있게 해주세요 :)"
"2023/09/19 11:16:08 오전 GMT+9","네","","아니오","DNT가 부족합니다 ","아니오","화면이 나오지 않았습니다.","4","4","속도만 조금 더 빠르면 완벽할 거 같습니다.","웹 표출 속도 개선을 해주시면 감사하겠습니다!"
"2023/09/19 1:24:24 오후 GMT+9","네","","아니오","포인트 부족","아니오","방문해도 아무것도 뜨지 않음","3","3","",""
"2023/09/19 3:07:02 오후 GMT+9","네","","아니오","","클릭했는데 빈 화면만 나옵니다.","","2","4","이름이 보이지 않고 상점에서 그림이 잘 출력되지 않습니다. 나머지는 UI가 이쁘고 좋아요.",""
"2023/09/19 10:01:37 오후 GMT+9","네","","네","","네","","4","5","",""
"2023/09/22 11:57:35 오전 GMT+9","아니오","사이트접속불가","아니오","사이트접속불가","아니오","사이트접속불가","3","3","","완성도를 더 높힐 수 있으면 좋을거같다"
"2023/09/24 10:57:30 오후 GMT+9","되기는 하는데 로그인 후 새로 고침을 다시 해줘야 함.","되기는 하는데 로그인 후 새로 고침을 다시 해줘야 함.","아니오","돈이 부족하다고 합니다.. ㅎ","사용해 보려고 했는데 잘 안되었습니다.","친구방 접속인 안 되는 이유는 잘 모르겠습니다.","3","1","개인적인건데 저는 영어 필기체 잘 못 읽습니다.
폰트를 좀 더 읽기 편한걸로 바꾸어주면 좋겠습니다...ㅎ

이유는 모르겠지만 본 사이트를 접속하면서 새로고침을 눌러야 사진들이 불러와지는 경우가 많았습니다. 
(Front\client\public\img 디렉토리의 사진들을 불러오는 속도가 느리거나 잘 안불러와짐)

이거 빼고는 아이디어나 3D 모델링을 사용하는 등의 아이디어가 좋습니다.
예전 싸이월드가 생각나는 프로젝트이네요.
","login.js였나?
거기의 아이피 주소를 atob함수를 사용해서라도 숨기는게 좋지 않나 생각이 듭니다.

로그인 할 때
& < > ' "" ( ) / 등의 특수문자는 입력 할 수 없게하는 예외처리가 있으면 좋겠습니다."